Date;crédits/dépôts;cours/valeur banques;rentabilité capitaux propres;rentabilité actifs;actifs bancaires consolidés;actifs des GSIB;inflation;Balance budgétaire Fr;Solde des transactions courantes Fr;CAC total return index;Eurostoxx total return index;CAC index;Eurostoxx Index;CAC financier;CAC biens consommation;CAC pétrole/gaz;Levier bancaire
01/01/2000;NA;NA;NA;NA;NA;NA;1.7;-1.5;1.41;NA;NA;NA;NA;692.4;980.46;581.36;NA
01/01/2001;NA;NA;NA;NA;NA;NA;1.3;-1.5;1.71;8369.56;990.88;5823.41;4727.71;817.72;898.07;710.56;NA
01/01/2002;NA;NA;NA;NA;NA;NA;2.4;-3.1;1.21;6623.75;786.57;4513.99;3684.86;697.27;736.25;730.92;NA
01/01/2003;NA;NA;NA;NA;NA;NA;1.9;-4.1;0.7;4584.13;520.22;3040.32;2376.97;544.71;630.29;593.82;NA
01/01/2004;NA;NA;NA;NA;NA;NA;2.2;-3.6;0.53;5661.31;639.67;3636.94;2842.86;707.51;830.95;670.41;NA
01/01/2005;NA;177.4313816;NA;NA;NA;0.829353099;1.6;-2.9;-0.47;6236.83;685.62;3862.98;2957.03;793.55;863.93;758.27;NA
01/01/2006;NA;193.54903205;0.15780705;0.60462502;NA;0.785448405;2.2;-2.3;-0.56;8015.93;868.4;4839.68;3626.94;1061.91;1048.55;1043.09;NA
01/01/2007;1.275024205;168.01989425;0.097673291;0.377526149;NA;0.7773118;1.4;-2.5;-0.97;9517.08;1028.48;5586.99;4159.51;1343.63;1265.81;1009.13;NA
01/01/2008;1.292769882;69.37856894;0.059166939;0.20397653;NA;0.781674954;3.2;-3.2;-1.69;9027.13;1029.09;5153.57;4025.83;1003.48;1193.55;1036.63;NA
01/01/2009;1.261763316;103.8247982;0.053638969;0.197550382;939838.505;0.811450566;0.8;-7.2;-0.41;5652.19;625.9;3099.68;2340.04;459.44;716.4;721.65;3.46385961675
01/01/2010;1.260909417;80.01257053;0.083324405;0.361797328;957093.642857143;0.812712675;1.2;-6.9;-0.51;7463.81;819.29;3925.23;2922.72;700.23;993.34;854.95;3.71289454425
01/01/2011;1.260655278;42.28748219;0.052248853;0.231810301;997533.243857143;0.814752617;2;-5.2;-0.58;7834.79;847.51;3960.71;2900.69;662.13;1219.51;838.23;3.59017301475
01/01/2012;1.201270859;58.86860905;0.025886984;0.12283308;994329.330714286;0.807378076;2.6;-5;-0.69;6705.99;729.27;3250.61;2382.07;421.53;1189.85;800.26;3.89986805375
01/01/2013;1.140099916;80.950295305;0.056369977;0.255762812;960717.229428571;0.815847539;1.4;-4.1;-0.28;8047.67;873.44;3733.97;2715.3;581.41;1414.48;806.59;4.21006854375
01/01/2014;1.132665127;66.701931635;0.043679386;0.214269656;1044297.52271429;0.8214118;0.8;-3.9;-1.02;9484.48;1034.41;4248.4;3092.4;758.12;1516.61;846.88;4.1172538795
01/01/2015;1.111975949;70.50455625;0.068141324;0.333583732;1024039.72528571;0.818647607;-0.4;-3.6;-0.43;10111.66;1112.19;4386.14;3207.26;746.76;1754.69;806.37;4.5654588655
01/01/2016;1.092966948;76.65138079;0.066640519;0.340163537;1060421.24314286;0.818701218;0.3;-3.5;-0.56;10320.79;1085.49;4340.1;3030.5;757.1;1888.84;709.15;4.6525713975
01/01/2017;1.097669788;75.346562215;0.06228734;0.334624253;1043411.28242857;0.816836086;1.6;-2.8;-0.75;12009.84;1228.84;4863.61;3298.77;874.33;2239.17;890.21;4.83400583475
01/01/2018;1.132910955;47.928485335;0.067040442;0.35758999;1083549.02442857;0.817621682;1.5;-2.5;-0.66;13969.03;1390.28;5482.95;3612.16;1010.42;2724.31;879.66;4.78982670225
01/01/2019;NA;NA;NA;NA;NA;NA;1.4;NA;NA;12695.05;1232.17;4822.67;3088.65;735.59;2649.38;849.5;NA
01/04/2000;NA;NA;NA;NA;NA;NA;1.3;NA;NA;NA;NA;NA;NA;749.44;967.38;724.54;NA
01/04/2001;NA;NA;NA;NA;NA;NA;2;NA;NA;7681.31;904.52;5343.98;4304.43;782.49;866.77;744.79;NA
01/04/2002;NA;NA;NA;NA;NA;NA;2.1;NA;NA;6641.73;781.84;4523.19;3652.64;764.54;859.27;794.32;NA
01/04/2003;NA;NA;NA;NA;NA;NA;2;NA;NA;4339.11;500.16;2872.54;2273.68;537.2;584.76;564.89;NA
01/04/2004;NA;NA;NA;NA;NA;NA;2.4;NA;NA;5831.42;646.28;3745.16;2861.06;733.27;874.43;732.89;NA
01/04/2005;NA;NA;NA;NA;NA;NA;2;NA;NA;6505.24;702.66;4027.66;3013.75;813.69;897.56;835.53;NA
01/04/2006;NA;NA;NA;NA;NA;NA;2;NA;NA;8593.8;922.76;5188.57;3840.68;1187.62;1155.9;1059.79;NA
01/04/2007;NA;NA;NA;NA;NA;NA;1.3;NA;NA;9937.82;1075.74;5831.8;4336.98;1367.53;1367.35;1041.13;NA
01/04/2008;NA;NA;NA;NA;NA;NA;3.4;NA;NA;8596.12;967.29;4900.19;3768.1;963.7;1141.41;986.73;NA
01/04/2009;NA;NA;NA;NA;NA;NA;0.1;NA;NA;5496.2;607.11;3007.2;2257.1;485.4;715.31;699;NA
01/04/2010;NA;NA;NA;NA;NA;NA;1.9;NA;NA;7557.63;825.82;3973.7;2937.3;694;1040.28;849.69;NA
01/04/2011;NA;NA;NA;NA;NA;NA;2.2;NA;NA;7955.79;864.59;4020.28;2947.16;686.15;1206.9;851.09;NA
01/04/2012;NA;NA;NA;NA;NA;NA;2.4;NA;NA;6720.98;721.42;3248.81;2340.78;423.8;1293.56;759.39;NA
01/04/2013;NA;NA;NA;NA;NA;NA;0.8;NA;NA;8071.18;852.98;3735.1;2636.35;558.81;1477.57;754.28;NA
01/04/2014;NA;NA;NA;NA;NA;NA;0.8;NA;NA;9929.37;1066.14;4437.29;3171.53;778.99;1607.72;949.48;NA
01/04/2015;NA;NA;NA;NA;NA;NA;0.1;NA;NA;11960.7;1301.2;5173.4;3733.8;905.49;2124.59;908.47;NA
01/04/2016;NA;NA;NA;NA;NA;NA;-0.1;NA;NA;10614.38;1091.72;4445.22;3031.18;757.26;1973.34;771.21;NA
01/04/2017;NA;NA;NA;NA;NA;NA;1.4;NA;NA;12717.13;1308.4;5134.55;3491.83;899.22;2436.85;879.75;NA
01/04/2018;NA;NA;NA;NA;NA;NA;1.8;NA;NA;13666.06;1339.15;5345.32;3457.62;944.49;2874.52;907.94;NA
01/04/2019;NA;NA;NA;NA;NA;NA;1.5;NA;NA;14559.32;1388.5;5511.37;3458.76;819.82;3216.43;906.51;NA
01/07/2000;NA;NA;NA;NA;NA;NA;1.9;NA;NA;NA;NA;NA;NA;814.64;988.44;741.52;NA
01/07/2001;NA;NA;NA;NA;NA;NA;2.2;NA;NA;7324.6;859.07;4993.26;4037.83;791.39;845.46;739.71;NA
01/07/2002;NA;NA;NA;NA;NA;NA;1.6;NA;NA;5233.49;611.75;3471.87;2810.65;605.79;711.13;686.35;NA
01/07/2003;NA;NA;NA;NA;NA;NA;2;NA;NA;4871.17;550.68;3130.06;2459.85;597.5;704.15;604.65;NA
01/07/2004;NA;NA;NA;NA;NA;NA;2.6;NA;NA;5837.03;629.49;3630.41;2730.37;693.44;862;738.08;NA
01/07/2005;NA;NA;NA;NA;NA;NA;1.8;NA;NA;7203.08;777.91;4359.47;3267.1;878.41;986.6;958.41;NA
01/07/2006;NA;NA;NA;NA;NA;NA;2.2;NA;NA;8340.66;888.4;4910.61;3617.33;1124.73;1103.36;990.61;NA
01/07/2007;NA;NA;NA;NA;NA;NA;1.2;NA;NA;10426.15;1129.97;5973.49;4449.03;1315.98;1400.81;1170.21;NA
01/07/2008;NA;NA;NA;NA;NA;NA;4;NA;NA;7738.05;872.14;4287.19;3298.66;754.43;946.75;958.37;NA
01/07/2009;NA;NA;NA;NA;NA;NA;-0.8;NA;NA;6058.34;684.04;3211.98;2462.09;568.23;772.13;733.62;NA
01/07/2010;NA;NA;NA;NA;NA;NA;1.9;NA;NA;6944.61;772.36;3539.3;2669.5;599.99;1058.44;739.06;NA
01/07/2011;NA;NA;NA;NA;NA;NA;2.1;NA;NA;7794.6;829.07;3817.88;2743.46;619.75;1299.07;793.32;NA
01/07/2012;NA;NA;NA;NA;NA;NA;2.2;NA;NA;6833.89;719.8;3199.55;2258.36;402.26;1258.34;745.23;NA
01/07/2013;NA;NA;NA;NA;NA;NA;1.2;NA;NA;8597.03;891.31;3876.56;2686.53;604.79;1523.17;790.52;NA
01/07/2014;NA;NA;NA;NA;NA;NA;0.6;NA;NA;9998.4;1098.09;4362.04;3192.31;732.54;1627.34;980.33;NA
01/07/2015;NA;NA;NA;NA;NA;NA;0.2;NA;NA;11722.32;1261.33;4956.23;3545.1;870.46;2074.88;823.64;NA
01/07/2016;NA;NA;NA;NA;NA;NA;0.4;NA;NA;10604.28;1079.75;4317.64;2919.08;684.44;1998.92;788.25;NA
01/07/2017;NA;NA;NA;NA;NA;NA;0.8;NA;NA;13123.98;1333.01;5174.99;3483.89;972.42;2497.24;796.17;NA
01/07/2018;NA;NA;NA;NA;NA;NA;2.6;NA;NA;14162.5;1371.16;5409.37;3460.89;858.74;2945.57;974.15;NA
01/07/2019;NA;NA;NA;NA;NA;NA;NA;NA;NA;NA;NA;NA;NA;NA;NA;NA;NA
01/10/2000;NA;NA;NA;NA;NA;NA;2.1;NA;NA;NA;NA;NA;NA;796.11;938.35;796.41;NA
01/10/2001;NA;NA;NA;NA;NA;NA;1.8;NA;NA;6278.25;733.78;4279.3;3440.91;664.75;623.42;717.58;NA
01/10/2002;NA;NA;NA;NA;NA;NA;1.9;NA;NA;4472.61;520.78;2967.08;2384.73;496.36;631.84;633.63;NA
01/10/2003;NA;NA;NA;NA;NA;NA;2.3;NA;NA;5157.9;566.83;3314.31;2523.27;632.76;786.28;622.02;NA
01/10/2004;NA;NA;NA;NA;NA;NA;2.3;NA;NA;5950.12;646.34;3700.54;2794.38;748.34;851.9;776.35;NA
01/10/2005;NA;NA;NA;NA;NA;NA;2;NA;NA;7388.09;797.46;4471.41;3340.06;936.66;1012.02;989.31;NA
01/10/2006;NA;NA;NA;NA;NA;NA;1.2;NA;NA;9070.68;979.2;5338.78;3975.84;1300.06;1204.06;1008.55;NA
01/10/2007;NA;NA;NA;NA;NA;NA;2.1;NA;NA;10116.22;1128.26;5793.72;4430.75;1235.42;1393.55;1096.71;NA
01/10/2008;NA;NA;NA;NA;NA;NA;3;NA;NA;6284.73;697.25;3474.67;2627.28;685.1;812.65;723.34;NA
01/10/2009;NA;NA;NA;NA;NA;NA;-0.2;NA;NA;7143.87;798.56;3780;2865.49;721.43;919.18;797.63;NA
01/10/2010;NA;NA;NA;NA;NA;NA;1.8;NA;NA;7470.09;817.93;3799.43;2817.71;658.65;1163.48;764.78;NA
01/10/2011;NA;NA;NA;NA;NA;NA;2.5;NA;NA;6457.67;702.54;3148.39;2312.3;430.61;1140.07;723.81;NA
01/10/2012;NA;NA;NA;NA;NA;NA;2.1;NA;NA;7377.94;802.05;3435.67;2503.47;504.66;1289.44;798.51;NA
01/10/2013;NA;NA;NA;NA;NA;NA;0.7;NA;NA;9391.95;994.86;4228.01;2988.88;704.04;1586.34;876.3;NA
01/10/2014;NA;NA;NA;NA;NA;NA;0.5;NA;NA;9485.62;1045.42;4129.81;3029.58;724.55;1492.28;865.74;NA
01/10/2015;NA;NA;NA;NA;NA;NA;0.2;NA;NA;11176.11;1168.84;4715.63;3275.48;822.75;2009.9;816.13;NA
01/10/2016;NA;NA;NA;NA;NA;NA;0.5;NA;NA;11069.41;1128.92;4497.57;3042.33;758.45;2094.11;809.3;NA
01/10/2017;NA;NA;NA;NA;NA;NA;1.2;NA;NA;13692.01;1387.15;5389.83;3614.75;995.12;2655.48;839.81;NA
01/10/2018;NA;NA;NA;NA;NA;NA;2.5;NA;NA;13560.97;1289.53;5170.14;3244.55;835.54;2724.74;970.41;NA
01/10/2019;NA;NA;NA;NA;NA;NA;NA;NA;NA;NA;NA;NA;NA;NA;NA;NA;NA
01/02/2000;NA;NA;NA;NA;NA;NA;1.4;NA;NA;NA;NA;NA;NA;673.46;910.48;631.9;NA
01/02/2001;NA;NA;NA;NA;NA;NA;1.5;NA;NA;8097.76;948.86;5634.29;4525.87;794.86;916.24;733.07;NA
01/02/2002;NA;NA;NA;NA;NA;NA;2.2;NA;NA;6368.51;755.6;4340;3537.6;686.38;756.16;760.77;NA
01/02/2003;NA;NA;NA;NA;NA;NA;2.6;NA;NA;4238.48;475.61;2811.08;2170.88;513.96;604.86;560.15;NA
01/02/2004;NA;NA;NA;NA;NA;NA;1.9;NA;NA;5730.71;647.39;3681.37;2874.76;724.22;833.47;669.91;NA
01/02/2005;NA;NA;NA;NA;NA;NA;1.9;NA;NA;6444.07;708.85;3991.24;3050.42;816.96;905.49;807.85;NA
01/02/2006;NA;NA;NA;NA;NA;NA;2;NA;NA;8242.63;897.23;4976.56;3743.79;1132.79;1083.15;1032.76;NA
01/02/2007;NA;NA;NA;NA;NA;NA;1.2;NA;NA;9682.78;1046.86;5684.22;4230.2;1370.01;1321.18;1020.64;NA
01/02/2008;NA;NA;NA;NA;NA;NA;3.2;NA;NA;8487.25;966.42;4845.17;3776.58;910.72;1139.74;964.12;NA
01/02/2009;NA;NA;NA;NA;NA;NA;1;NA;NA;5309.91;578.95;2911.54;2159.84;400.61;663.43;738.13;NA
01/02/2010;NA;NA;NA;NA;NA;NA;1.4;NA;NA;7011.4;765.74;3687.1;2727.48;635.88;954.85;809.24;NA
01/02/2011;NA;NA;NA;NA;NA;NA;1.8;NA;NA;8083.96;882.64;4086.4;3015.73;711.95;1212.52;867.96;NA
01/02/2012;NA;NA;NA;NA;NA;NA;2.5;NA;NA;7056.97;769.53;3420.36;2508.24;472.01;1272.1;832.59;NA
01/02/2013;NA;NA;NA;NA;NA;NA;1.2;NA;NA;7931.41;847.68;3679.44;2630.4;576.03;1428.19;780.72;NA
01/02/2014;NA;NA;NA;NA;NA;NA;1.1;NA;NA;9602.79;1034.12;4300.84;3085.87;774.11;1556.99;859.85;NA
01/02/2015;NA;NA;NA;NA;NA;NA;-0.3;NA;NA;10994.57;1199.54;4768.5;3453.79;805.61;1928.99;886.49;NA
01/02/2016;NA;NA;NA;NA;NA;NA;-0.1;NA;NA;9964.9;1027.33;4184.79;2862.59;698.96;1917.78;710.44;NA
01/02/2017;NA;NA;NA;NA;NA;NA;1.4;NA;NA;11971.3;1229.36;4846.69;3293.1;846.09;2268.21;877.62;NA
01/02/2018;NA;NA;NA;NA;NA;NA;1.3;NA;NA;13399.43;1321.63;5257.81;3426.71;980.19;2664.16;842.19;NA
01/02/2019;NA;NA;NA;NA;NA;NA;1.6;NA;NA;13477.17;1288.86;5118.16;3223.07;751.62;2899.35;885.87;NA
01/03/2000;NA;NA;NA;NA;NA;NA;1.6;NA;NA;NA;NA;NA;NA;684.61;904.88;666.5;NA
01/03/2001;NA;NA;NA;NA;NA;NA;1.5;NA;NA;7475.16;880.91;5200.62;4199.16;762.07;858.53;710.85;NA
01/03/2002;NA;NA;NA;NA;NA;NA;2.2;NA;NA;6742.75;799.46;4594.42;3742.25;741.34;870.31;799.54;NA
01/03/2003;NA;NA;NA;NA;NA;NA;2.5;NA;NA;4060.71;457.19;2692.49;2086.46;496.89;573.99;550.29;NA
01/03/2004;NA;NA;NA;NA;NA;NA;1.9;NA;NA;5691.17;637.23;3655.5;2829;714.77;840.37;693.93;NA
01/03/2005;NA;NA;NA;NA;NA;NA;2.1;NA;NA;6554.43;712.67;4059.6;3066.26;825.49;916.04;843.66;NA
01/03/2006;NA;NA;NA;NA;NA;NA;1.7;NA;NA;8466.83;914.51;5111.91;3814.93;1179.59;1134.6;1015.16;NA
01/03/2007;NA;NA;NA;NA;NA;NA;1.2;NA;NA;9362.62;1007.47;5495.41;4070.47;1283.71;1297.65;978.98;NA
01/03/2008;NA;NA;NA;NA;NA;NA;3.5;NA;NA;8131.5;920.32;4641.09;3595.91;874.42;1114.56;932;NA
01/03/2009;NA;NA;NA;NA;NA;NA;0.4;NA;NA;4971.26;534.54;2725.32;1993.93;375.39;636.76;699.09;NA
01/03/2010;NA;NA;NA;NA;NA;NA;1.7;NA;NA;7459.4;811.77;3922.15;2890.47;694.86;1009.57;829.33;NA
01/03/2011;NA;NA;NA;NA;NA;NA;2.2;NA;NA;7798.61;846.15;3941.63;2890.36;685.34;1163.81;848.38;NA
01/03/2012;NA;NA;NA;NA;NA;NA;2.6;NA;NA;7207.81;777.44;3490.01;2532.18;488.48;1317.84;836.38;NA
01/03/2013;NA;NA;NA;NA;NA;NA;1.1;NA;NA;8168.53;864.21;3786.4;2680.18;572.68;1485.39;786.11;NA
01/03/2014;NA;NA;NA;NA;NA;NA;0.8;NA;NA;9690.04;1037.26;4338.05;3093.97;777.64;1546.38;905.93;NA
01/03/2015;NA;NA;NA;NA;NA;NA;0;NA;NA;11536.21;1269.93;5000.73;3655.31;864.79;2044.34;869.81;NA
01/03/2016;NA;NA;NA;NA;NA;NA;-0.1;NA;NA;10548.9;1088.29;4427.46;3031.42;755.52;1987.82;765.79;NA
01/03/2017;NA;NA;NA;NA;NA;NA;1.4;NA;NA;12379.32;1280.3;5008.35;3427.1;879.55;2348.53;865.93;NA
01/03/2018;NA;NA;NA;NA;NA;NA;1.7;NA;NA;13262.28;1302.16;5200.62;3374.3;940.66;2693.49;846.96;NA
01/03/2019;NA;NA;NA;NA;NA;NA;1.3;NA;NA;14006.38;1333.76;5315.31;3332.86;782.99;3043.8;908.39;NA
01/05/2000;NA;NA;NA;NA;NA;NA;1.5;NA;NA;NA;NA;NA;NA;767.15;1007.09;753.18;NA
01/05/2001;NA;NA;NA;NA;NA;NA;2.4;NA;NA;8040.61;946.69;5555.18;4481.95;810.63;933.29;790.35;NA
01/05/2002;NA;NA;NA;NA;NA;NA;1.6;NA;NA;6485.82;754.64;4369.96;3500.24;773.68;891.23;784.22;NA
01/05/2003;NA;NA;NA;NA;NA;NA;1.8;NA;NA;4513.31;511.81;2949.55;2303.03;558.37;624.47;571.66;NA
01/05/2004;NA;NA;NA;NA;NA;NA;2.8;NA;NA;5727.77;622.21;3631.83;2728.59;700.86;851.68;726.06;NA
01/05/2005;NA;NA;NA;NA;NA;NA;1.7;NA;NA;6592.28;712.48;4049.39;3023.47;816.57;896.92;826.78;NA
01/05/2006;NA;NA;NA;NA;NA;NA;2.3;NA;NA;8482.91;904.66;5073.21;3726.85;1173.32;1133.57;1016.35;NA
01/05/2007;NA;NA;NA;NA;NA;NA;1.2;NA;NA;10416.94;1116.41;6053.9;4445.35;1422.46;1395.37;1083.53;NA
01/05/2008;NA;NA;NA;NA;NA;NA;3.7;NA;NA;8921.18;994.53;5020.18;3812.76;954.24;1146.35;1081.42;NA
01/05/2009;NA;NA;NA;NA;NA;NA;-0.3;NA;NA;6032.29;666.68;3244.01;2426.68;552.9;772.25;764.27;NA
01/05/2010;NA;NA;NA;NA;NA;NA;1.9;NA;NA;6874.72;755.59;3561.73;2642.13;587.93;986.1;762.32;NA
01/05/2011;NA;NA;NA;NA;NA;NA;2.2;NA;NA;8025.12;861.61;3998.64;2885.77;674.03;1255.87;819.85;NA
01/05/2012;NA;NA;NA;NA;NA;NA;2.3;NA;NA;6485.51;690.17;3084.37;2198.5;380.3;1267.09;713.54;NA
01/05/2013;NA;NA;NA;NA;NA;NA;0.9;NA;NA;8708.95;915.81;3968.7;2785.77;608.02;1569.82;797.38;NA
01/05/2014;NA;NA;NA;NA;NA;NA;0.8;NA;NA;10163.34;1089.69;4484.84;3197.4;757.43;1637.65;998.06;NA
01/05/2015;NA;NA;NA;NA;NA;NA;0.3;NA;NA;11832.11;1275.65;5058.21;3617.87;880.62;2116.5;889.63;NA
01/05/2016;NA;NA;NA;NA;NA;NA;0.1;NA;NA;10593.78;1091.34;4373.49;2983.7;755.51;1954.18;787.29;NA
01/05/2017;NA;NA;NA;NA;NA;NA;0.9;NA;NA;13393.3;1365.43;5352;3601.87;953.36;2567.15;882.51;NA
01/05/2018;NA;NA;NA;NA;NA;NA;2.3;NA;NA;14314.52;1386.96;5537.63;3537.09;933.1;3028.63;965.06;NA
01/05/2019;NA;NA;NA;NA;NA;NA;1.1;NA;NA;14340.56;1377.73;5360.82;3385.41;792.13;3163.37;863.09;NA
01/06/2000;NA;NA;NA;NA;NA;NA;1.8;NA;NA;NA;NA;NA;NA;806.82;973.03;747.58;NA
01/06/2001;NA;NA;NA;NA;NA;NA;2.2;NA;NA;7722.51;911.45;5276.67;4289.68;802.93;885.41;797.83;NA
01/06/2002;NA;NA;NA;NA;NA;NA;1.4;NA;NA;5917.17;682.11;3939.52;3143.11;702.66;804.76;730.63;NA
01/06/2003;NA;NA;NA;NA;NA;NA;2;NA;NA;4828.96;545.93;3113;2443.33;585.12;669.76;616.98;NA
01/06/2004;NA;NA;NA;NA;NA;NA;2.7;NA;NA;5947.41;641.87;3709.26;2792.17;716.74;866.57;738.57;NA
01/06/2005;NA;NA;NA;NA;NA;NA;1.8;NA;NA;6921.35;748.62;4193.21;3151.66;840.29;950.1;891.15;NA
01/06/2006;NA;NA;NA;NA;NA;NA;2.2;NA;NA;8121.35;864.42;4789.19;3528.66;1084.04;1079.04;941.85;NA
01/06/2007;NA;NA;NA;NA;NA;NA;1.3;NA;NA;10481.8;1133.29;6014.93;4470.21;1368.82;1408.38;1118;NA
01/06/2008;NA;NA;NA;NA;NA;NA;4;NA;NA;8408.52;931.37;4664.55;3527.83;827.08;1054.18;1034.52;NA
01/06/2009;NA;NA;NA;NA;NA;NA;-0.6;NA;NA;6106.21;678.88;3242.85;2449.03;571.03;760.9;759.8;NA
01/06/2010;NA;NA;NA;NA;NA;NA;1.7;NA;NA;6963.71;763.03;3557.95;2641.66;570.05;1036;755.31;NA
01/06/2011;NA;NA;NA;NA;NA;NA;2.3;NA;NA;7845.81;834.36;3853.32;2766.61;654.52;1258.72;780.22;NA
01/06/2012;NA;NA;NA;NA;NA;NA;2.3;NA;NA;6505.43;683.8;3055.89;2152.74;386.33;1225.53;705.06;NA
01/06/2013;NA;NA;NA;NA;NA;NA;1;NA;NA;8388.39;878.67;3792.53;2655.76;587.6;1491.63;765.05;NA
01/06/2014;NA;NA;NA;NA;NA;NA;0.6;NA;NA;10347.37;1123.13;4522.01;3271.69;758.81;1655.82;1008.86;NA
01/06/2015;NA;NA;NA;NA;NA;NA;0.3;NA;NA;11626.05;1251.14;4927.93;3521.77;854.34;2098.15;846.9;NA
01/06/2016;NA;NA;NA;NA;NA;NA;0.3;NA;NA;10522.7;1074.25;4293.92;2910.8;721.96;1953.81;772.21;NA
01/06/2017;NA;NA;NA;NA;NA;NA;0.8;NA;NA;13325.49;1355.91;5263.79;3547.85;951.74;2569.16;831.23;NA
01/06/2018;NA;NA;NA;NA;NA;NA;2.3;NA;NA;14140.5;1362.63;5408.3;3442.77;870.4;2989.95;957.67;NA
01/06/2019;NA;NA;NA;NA;NA;NA;NA;NA;NA;NA;NA;NA;NA;NA;NA;NA;NA
01/08/2000;NA;NA;NA;NA;NA;NA;2;NA;NA;NA;NA;NA;NA;844.69;1006;780.98;NA
01/08/2001;NA;NA;NA;NA;NA;NA;2;NA;NA;7186.51;827.67;4898.35;3884.63;786.56;831.74;752.14;NA
01/08/2002;NA;NA;NA;NA;NA;NA;1.8;NA;NA;5100.15;588.45;3383.4;2697.45;612.11;712.95;668.84;NA
01/08/2003;NA;NA;NA;NA;NA;NA;2;NA;NA;5043.5;566.45;3240.81;2524.12;626.2;734.6;635.34;NA
01/08/2004;NA;NA;NA;NA;NA;NA;2.6;NA;NA;5737.66;611.94;3568.6;2646.93;698.66;842.5;739.09;NA
01/08/2005;NA;NA;NA;NA;NA;NA;2;NA;NA;7344.52;787.81;4445.04;3303.32;896.4;991.81;986.04;NA
01/08/2006;NA;NA;NA;NA;NA;NA;2.1;NA;NA;8617.43;921.18;5073.34;3743.86;1212.81;1147.84;1016.18;NA
01/08/2007;NA;NA;NA;NA;NA;NA;1.3;NA;NA;9661.94;1073.95;5534.74;4220.63;1211.17;1311.24;1052.96;NA
01/08/2008;NA;NA;NA;NA;NA;NA;3.5;NA;NA;7960.76;885.82;4409.88;3346.04;806.28;1007.31;937.62;NA
01/08/2009;NA;NA;NA;NA;NA;NA;-0.2;NA;NA;6679.08;751.68;3539.88;2702.65;671.13;850.97;749.8;NA
01/08/2010;NA;NA;NA;NA;NA;NA;1.6;NA;NA;7098.61;785.57;3616.85;2712.23;639.17;1053.95;752.2;NA
01/08/2011;NA;NA;NA;NA;NA;NA;2.4;NA;NA;6538.19;695.15;3201.85;2297.21;479.72;1154.82;676.54;NA
01/08/2012;NA;NA;NA;NA;NA;NA;2.4;NA;NA;7321.84;773.45;3427.4;2424.5;447.84;1329.38;807.3;NA
01/08/2013;NA;NA;NA;NA;NA;NA;1;NA;NA;8973.95;930.96;4046.31;2803.85;653.7;1571.33;830.27;NA
01/08/2014;NA;NA;NA;NA;NA;NA;0.5;NA;NA;9740.82;1063.33;4249.6;3089.05;729.82;1557.08;925.95;NA
01/08/2015;NA;NA;NA;NA;NA;NA;0.1;NA;NA;11559.38;1226.66;4887.13;3444.41;869.26;2009.13;795.18;NA
01/08/2016;NA;NA;NA;NA;NA;NA;0.4;NA;NA;10869.4;1108.23;4425.35;2992.87;713.32;2092.72;787.73;NA
01/08/2017;NA;NA;NA;NA;NA;NA;1;NA;NA;12991.88;1322.17;5122.71;3451.34;974.72;2479.36;792.68;NA
01/08/2018;NA;NA;NA;NA;NA;NA;2.6;NA;NA;14238.84;1363.47;5438.33;3436.83;867.36;2984.44;988.13;NA
01/08/2019;NA;NA;NA;NA;NA;NA;NA;NA;NA;NA;NA;NA;NA;NA;NA;NA;NA
01/09/2000;NA;NA;NA;NA;NA;NA;2.3;NA;NA;NA;NA;NA;NA;821.44;972.26;809.8;NA
01/09/2001;NA;NA;NA;NA;NA;NA;1.6;NA;NA;6048.11;698.73;4122.41;3277;654.45;642.26;700.13;NA
01/09/2002;NA;NA;NA;NA;NA;NA;1.8;NA;NA;4618;534.96;3063.54;2450.16;538.35;656.84;632.72;NA
01/09/2003;NA;NA;NA;NA;NA;NA;2.2;NA;NA;5179.79;573.3;3328.38;2553.31;626.41;776.66;637.27;NA
01/09/2004;NA;NA;NA;NA;NA;NA;2.2;NA;NA;5913.8;635.62;3678.15;2748.65;731.63;866.87;769.69;NA
01/09/2005;NA;NA;NA;NA;NA;NA;2.3;NA;NA;7428.06;799.97;4495.6;3351.84;913.06;1007.45;1039.63;NA
01/09/2006;NA;NA;NA;NA;NA;NA;1.5;NA;NA;8762.61;939.82;5157.85;3817.57;1243.37;1178.63;977.36;NA
01/09/2007;NA;NA;NA;NA;NA;NA;1.6;NA;NA;9772.33;1090.59;5597.17;4284.43;1193.89;1324.04;1104.47;NA
01/09/2008;NA;NA;NA;NA;NA;NA;3.4;NA;NA;7629.68;846.64;4220.49;3193.72;819.51;998.21;857.47;NA
01/09/2009;NA;NA;NA;NA;NA;NA;-0.4;NA;NA;7054.55;787.35;3732.74;2827.93;701.1;894.09;788.97;NA
01/09/2010;NA;NA;NA;NA;NA;NA;1.8;NA;NA;7320.9;802.18;3723.55;2766.09;656.88;1108.4;752.61;NA
01/09/2011;NA;NA;NA;NA;NA;NA;2.4;NA;NA;6109.9;644.13;2983.11;2124.31;402.75;1107.67;654.41;NA
01/09/2012;NA;NA;NA;NA;NA;NA;2.2;NA;NA;7474.2;808.42;3490.86;2530.69;492.37;1315.25;825.94;NA
01/09/2013;NA;NA;NA;NA;NA;NA;1;NA;NA;9135.95;951.64;4117.69;2864.56;668.43;1584.99;858.21;NA
01/09/2014;NA;NA;NA;NA;NA;NA;0.4;NA;NA;10147.67;1113.61;4425.32;3233.38;771.02;1573;953.62;NA
01/09/2015;NA;NA;NA;NA;NA;NA;0.1;NA;NA;10708.78;1127.76;4526.63;3165.46;804.8;1850.11;745.41;NA
01/09/2016;NA;NA;NA;NA;NA;NA;0.5;NA;NA;10929.47;1115.88;4448.59;3012.09;737.03;2064.27;781.9;NA
01/09/2017;NA;NA;NA;NA;NA;NA;1.1;NA;NA;13214.42;1344.21;5208.77;3507.1;971.87;2541.95;819.02;NA
01/09/2018;NA;NA;NA;NA;NA;NA;2.5;NA;NA;14094.88;1335.57;5381.65;3365.23;871.54;2911.34;984.49;NA
01/09/2019;NA;NA;NA;NA;NA;NA;NA;NA;NA;NA;NA;NA;NA;NA;NA;NA;NA
01/11/2000;NA;NA;NA;NA;NA;NA;2.3;NA;NA;NA;NA;NA;NA;827.3;966.53;764.74;NA
01/11/2001;NA;NA;NA;NA;NA;NA;1.3;NA;NA;6625.24;783.96;4515.83;3674.63;705.14;696.28;690.94;NA
01/11/2002;NA;NA;NA;NA;NA;NA;2.1;NA;NA;4812.15;559.18;3192.33;2559;554.49;695.69;629.48;NA
01/11/2003;NA;NA;NA;NA;NA;NA;2.5;NA;NA;5297;588.61;3403.69;2618.06;649.58;810.67;622.89;NA
01/11/2004;NA;NA;NA;NA;NA;NA;2.2;NA;NA;6094.75;667.29;3787.81;2882.7;764.37;849.95;772.18;NA
01/11/2005;NA;NA;NA;NA;NA;NA;1.8;NA;NA;7495.3;814.03;4533.93;3404.9;986.26;988.2;1007.97;NA
01/11/2006;NA;NA;NA;NA;NA;NA;1.6;NA;NA;9208.9;1000.41;5414.51;4052.8;1298.39;1243.39;1050.02;NA
01/11/2007;NA;NA;NA;NA;NA;NA;2.6;NA;NA;9730.18;1100.98;5565.34;4314.88;1098.44;1338.56;1076.06;NA
01/11/2008;NA;NA;NA;NA;NA;NA;1.9;NA;NA;5963.8;653.23;3287.21;2452.87;547.71;752.33;759.65;NA
01/11/2009;NA;NA;NA;NA;NA;NA;0.5;NA;NA;7108.94;794.46;3752.73;2843.77;712.37;933.13;809.81;NA
01/11/2010;NA;NA;NA;NA;NA;NA;1.8;NA;NA;7531.26;818.25;3818.37;2809.64;640.5;1190.81;774.17;NA
01/11/2011;NA;NA;NA;NA;NA;NA;2.7;NA;NA;6230.19;682.72;3033;2239.58;391.29;1139.33;734.35;NA
01/11/2012;NA;NA;NA;NA;NA;NA;1.6;NA;NA;7437.65;806.23;3461.48;2513.98;516.3;1319.11;784.41;NA
01/11/2013;NA;NA;NA;NA;NA;NA;0.8;NA;NA;9517.51;1019.22;4279.88;3055.98;720.89;1574.18;873.4;NA
01/11/2014;NA;NA;NA;NA;NA;NA;0.4;NA;NA;9793.33;1080.48;4261.01;3126.15;729.67;1604.34;877.65;NA
01/11/2015;NA;NA;NA;NA;NA;NA;0.1;NA;NA;11644.88;1229.04;4910.28;3439.57;852.08;2101.32;843.59;NA
01/11/2016;NA;NA;NA;NA;NA;NA;0.7;NA;NA;11092.62;1124.66;4504.29;3026.4;789.79;2067.85;805.21;NA
01/11/2017;NA;NA;NA;NA;NA;NA;1.2;NA;NA;13719.5;1383.37;5397.97;3601.43;968.18;2707.36;867.79;NA
01/11/2018;NA;NA;NA;NA;NA;NA;2.2;NA;NA;13213.53;1267.48;5035.08;3186.4;798.15;2693;896.07;NA
01/11/2019;NA;NA;NA;NA;NA;NA;NA;NA;NA;NA;NA;NA;NA;NA;NA;NA;NA
01/12/2000;NA;NA;NA;NA;NA;NA;1.8;NA;NA;NA;NA;NA;NA;809.34;899.84;704.95;NA
01/12/2001;NA;NA;NA;NA;NA;NA;1.5;NA;NA;6639;790.98;4524.42;3707.37;686.68;714.53;701.92;NA
01/12/2002;NA;NA;NA;NA;NA;NA;2.2;NA;NA;4713.57;543.35;3126.21;2479.62;555.87;669.82;610.26;NA
01/12/2003;NA;NA;NA;NA;NA;NA;2.4;NA;NA;5429.98;607.06;3488.69;2699.99;667.75;802.71;654.64;NA
01/12/2004;NA;NA;NA;NA;NA;NA;2.2;NA;NA;6126.54;677.92;3796.43;2926;774.38;835.91;753.08;NA
01/12/2005;NA;NA;NA;NA;NA;NA;1.8;NA;NA;7784.72;848.88;4700.57;3547.7;1030.63;1020.37;1017.81;NA
01/12/2006;NA;NA;NA;NA;NA;NA;1.7;NA;NA;9279.18;1005.68;5448.12;4070.02;1282.48;1236.49;1047.7;NA
01/12/2007;NA;NA;NA;NA;NA;NA;2.8;NA;NA;9840.49;1120.5;5619.08;4386.4;1109.63;1340.9;1084.02;NA
01/12/2008;NA;NA;NA;NA;NA;NA;1.2;NA;NA;5817.63;643.8;3192.17;2409.82;504.42;745.43;731.37;NA
01/12/2009;NA;NA;NA;NA;NA;NA;1;NA;NA;7318.62;814.16;3851.85;2907.65;698.63;960.6;834.47;NA
01/12/2010;NA;NA;NA;NA;NA;NA;2;NA;NA;7611.39;824.71;3848.53;2825.58;623.75;1231.48;790.9;NA
01/12/2011;NA;NA;NA;NA;NA;NA;2.7;NA;NA;6368.57;697.36;3091.94;2283.3;400.16;1130.62;761.43;NA
01/12/2012;NA;NA;NA;NA;NA;NA;1.5;NA;NA;7817.91;842.66;3631.78;2625.55;551.32;1383.8;799.21;NA
01/12/2013;NA;NA;NA;NA;NA;NA;0.8;NA;NA;9279.38;1005.39;4161.44;3010.2;718.99;1521.43;842.2;NA
01/12/2014;NA;NA;NA;NA;NA;NA;0.1;NA;NA;9814.42;1094.04;4262.19;3159.77;737.44;1666.41;809.57;NA
01/12/2015;NA;NA;NA;NA;NA;NA;0.3;NA;NA;11081.9;1176.56;4665.66;3288.63;827.8;2007.11;779.67;NA
01/12/2016;NA;NA;NA;NA;NA;NA;0.8;NA;NA;11751.36;1193.4;4764.49;3207.27;856.63;2172.8;872.29;NA
01/12/2017;NA;NA;NA;NA;NA;NA;1.2;NA;NA;13674.99;1370.68;5372.98;3564.66;971.43;2705.47;859.35;NA
01/12/2018;NA;NA;NA;NA;NA;NA;1.9;NA;NA;12616.09;1217.95;4798.21;3057.84;728.23;2603.96;849.1;NA
01/12/2019;NA;NA;NA;NA;NA;NA;NA;NA;NA;NA;NA;NA;NA;NA;NA;NA;NA